Exotica,105,1997,8.65,Drama,Drama,Drama
Along Came a Spider,109,1992,9.5,Action|Crime|Mystery|Thriller,Comedy|Documentary,Action|Drama
Butterfly Kiss,129,2006,5.55,Drama|Thriller,Drama,Drama|War
Our Relations,143,2003,1.69,Comedy,Action|Animation,Crime|Horror|Mystery|Thriller
Moving Midway,114,1990,9.02,Documentary,Drama|Romance|Thriller,Adventure|Comedy|War
Taxidermia,136,2013,7.32,Comedy|Drama|Horror,Documentary,Comedy
Genealogies of a Crime (Généalogies d'un crime),136,2009,5.36,Crime|Drama,Romance,Action|Adventure|Crime|Drama
Brainstorm,135,2007,6.84,Drama|Film-Noir|Thriller,Comedy,Comedy|Documentary
Man-Proof,113,1998,7.64,Comedy|Drama|Romance,Drama|Horror|Sci-Fi,Comedy|Romance
Paraíso Travel,129,1993,1.89,Adventure|Drama|Romance,Horror|Thriller,Comedy|Drama|Romance
Clown,119,2011,9.67,Drama|Horror,Adventure,Comedy
Berlin Is in Germany,111,2014,5.07,Drama,Drama|War,Drama
Detention,136,2002,8.2,Comedy|Horror,Crime|Drama|Film-Noir|Mystery|Thriller,Documentary
Egyptian The,130,2001,6.08,Drama,Drama,Drama|War
Rough Night in Jericho,138,1999,5.61,Western,Comedy|Drama|Romance,Comedy|Drama
Parineeta,127,2014,4.1,Drama|Musical|Romance,Drama,Drama|Romance
Limit (Limite),135,2004,4.73,Drama,Action|Adventure|Comedy|Fantasy,Comedy|Drama
Duchess The,113,2013,3.93,Drama|Romance,Crime|Drama,Drama|War
Rapa Nui,147,2005,6.46,Action|Adventure|Drama|Romance,Documentary,Action|Drama|Romance|Western
Let it Come Down: The Life of Paul Bowles,150,2008,1.71,Documentary,Comedy|Fantasy|Mystery,Comedy
27 Missing Kisses,143,2007,1.12,Comedy|Drama|Romance,Documentary,Drama
Lemony Snicket's A Series of Unfortunate Events,143,2008,3.12,Adventure|Children|Comedy|Fantasy,Documentary,Action|Adventure
Secret Ballot (Raye makhfi),139,2013,4.13,Comedy,Documentary,Action|War|Western
Roberta,119,2012,2.6,Comedy|Musical|Romance,Drama,Thriller
Good the Bad the Weird The (Joheunnom nabbeunnom isanghannom),129,2009,1.12,Action|Adventure|Comedy|Western,Adventure|Comedy|Musical,Comedy|Crime
Torrente 3: El protector,148,1994,6.55,Comedy|Crime,Drama,Horror|Thriller
The Beast of the City,125,2005,2.72,Crime|Drama|Film-Noir|Romance,Drama|Horror|Sci-Fi|War,Thriller
Sleepwalk with Me,148,1994,6.0,Comedy|Drama,Action|Adventure|Fantasy,Drama
Kissing Jessica Stein,113,2008,8.43,Comedy|Romance,Animation,Romance|Sci-Fi
Russia's Toughest Prisons (National Geographic),116,2020,3.62,Documentary,Crime|Drama,Adventure|Western
Love Stinks,127,1996,4.23,Comedy,Thriller,Horror|Sci-Fi
Must Have Been Love,142,2002,8.37,Drama|Romance,Action|Comedy,Drama|Horror
Suck,132,1995,5.51,Comedy|Horror|Musical,Adventure|Fantasy|Mystery|Thriller,Comedy|Crime|Drama|Thriller
Romeo and Juliet,110,2012,2.21,Drama|Romance,Adventure|War,Comedy|Horror
Melvin and Howard,103,1996,1.4,Drama,Adventure|Animation|Children,Action|Comedy|Horror
Reno 911!: Miami,108,2020,3.03,Comedy,Action|Comedy,Adventure|Drama
Cosmos,136,2004,7.48,Documentary,Action|Comedy|Crime,Mystery|Thriller
Anderson Tapes The,125,2004,1.55,Crime|Drama|Thriller,Drama,Comedy
Way I Spent the End of the World The (Cum mi-am petrecut sfarsitul lumii),141,2019,3.81,Drama,Comedy|Drama,Drama
Tank Girl,120,2003,2.96,Action|Comedy|Sci-Fi,Drama,Adventure|Animation|Drama
Girl in the Red Velvet Swing The,104,2015,4.88,Crime|Drama|Romance,Comedy|Horror,Drama
Trash,136,1992,1.32,Drama,Western,Comedy
It Conquered the World,123,1991,7.61,Sci-Fi,Adventure|Drama,Comedy|Drama
Tramp The (Awaara) (Awara),138,2011,8.24,Drama|Musical|Romance,Comedy|Drama|Romance,Comedy
Minuscule: Valley of the Lost Ants (Minuscule - La vallée des fourmis perdues),149,2013,9.92,Adventure|Animation|Children,Drama|Thriller,Comedy|War
Mummy Returns The,124,2006,1.91,Action|Adventure|Comedy|Thriller,Comedy|Musical,Documentary|Musical
French Cancan,112,2001,8.11,Comedy|Drama|Musical|Romance,Comedy|Drama,Documentary
Queen of Blood,109,2020,3.36,Horror|Sci-Fi,Comedy,Comedy|Western
Ranma ½: Nihao My Concubine (Ranma ½: Kessen Tôgenkyô! Hanayome o torimodose!!),109,2011,3.3,Action|Adventure|Comedy|Fantasy|Romance,Drama,Drama
Crisis,103,2004,6.9,Drama|Thriller,Drama|Romance,Action|Adventure|Animation
Monkey Business,145,1993,3.52,Comedy,Drama|Mystery|Thriller,Drama
Charge of the Light Brigade The,123,2006,9.91,Action|Adventure|Romance|War,Action|Thriller,Drama
Ernest Goes to Jail,129,2012,9.34,Comedy,Children|Documentary,Drama|Western
George of the Jungle,117,2006,1.32,Children|Comedy,Documentary,Comedy
Mad Love (Juana la Loca),143,1990,4.98,Drama,Drama,Documentary
The Halloween That Almost Wasn't,126,1991,4.04,Children|Comedy,Documentary,(no genres listed)
Sex and the City,147,2017,9.71,Comedy|Romance,Comedy|Drama|Romance,Comedy
American Addict,141,1990,6.42,Documentary,Adventure|Children|Fantasy,Drama|Fantasy|Mystery|Romance
Cradle Will Rock,147,2014,1.75,Drama,Adventure|Comedy|Romance|War,Children|Drama
Imaginary Witness: Hollywood and the Holocaust ,104,2009,7.16,Documentary,Comedy,Children|Documentary
Light the Fuse... Sartana Is Coming,134,2003,2.96,Western,Comedy|Drama|Fantasy,Horror|Thriller
Gorgeous (Boh lee chun),137,2020,1.6,Action|Comedy|Romance,Comedy|Drama,Documentary
XXY,139,2012,6.89,Drama,Crime|Drama,Drama
The Humanoid,131,2004,2.01,Fantasy|Sci-Fi,Crime|Horror,Crime|Drama|Thriller
White Men Can't Jump,147,1992,6.92,Comedy|Drama,Documentary,Drama|Horror|Sci-Fi
Anna Lucasta,110,1998,7.4,Drama,Action|Animation,Comedy|Drama|Romance
Morning Glory,139,2007,4.79,Drama|Romance,Documentary,Comedy|Drama
Young Lions The,103,1997,7.16,Drama|War,Western,Comedy|Drama
Dances Sacred and Profane,147,2018,9.03,Documentary,Drama|Romance,Comedy|Drama|Romance
Sorrow and the Pity The (Le chagrin et la pitié),117,2015,6.94,Documentary|War,Documentary,Drama
Hide in Plain Sight,118,1997,6.35,Drama,Drama|Horror|Thriller,Action|Drama|War
For Love and Gold (L'armata Brancaleone),143,1996,5.75,Adventure|Comedy,Comedy|Drama|Romance,Thriller|Western
Liz & Dick ,145,2017,5.9,Drama,Action|Adventure|Animation|Sci-Fi,Comedy|Romance
Flaying The (El Bosque de los Sometidos),129,1990,1.87,Fantasy|Horror|Thriller,Comedy|Western,Sci-Fi|Thriller
In Their Skin,103,2020,2.22,Horror|Thriller,Drama,Drama
King Ralph,129,1997,1.84,Comedy,Drama,Mystery|Thriller
Involuntary (De ofrivilliga),120,2008,5.63,Drama,Comedy,Drama|Romance
Telephone The,108,2000,9.81,Comedy,Action|Drama,Drama
Stardust,138,1998,2.38,Drama,Crime|Drama,Action|Adventure|Drama|War
Gridlock'd,102,1999,6.33,Crime,Comedy,Documentary
Curb Dance,134,1990,5.03,(no genres listed),Crime|Drama|Thriller,Drama
Body of War,108,1990,1.34,Documentary|War,Animation|Children|Comedy|Musical|Sci-Fi,Drama
Raanjhanaa,145,2017,6.48,Drama|Romance,(no genres listed),Crime
Father of My Children The (Le père de mes enfants),132,2005,3.79,Drama,Action|Adventure|Drama|Romance,Comedy|Horror
Hollywood Shuffle,114,2017,9.79,Comedy,Drama|Fantasy|Sci-Fi,Comedy
Zincirbozan,145,2003,1.17,Crime|Drama,Action|Adventure|Comedy|Fantasy,Documentary
Happiness Is a Warm Blanket Charlie Brown,122,2018,7.32,Animation|Comedy,Comedy,Comedy|Drama|Musical
Vermin,135,1992,2.91,Comedy,Action|Comedy,Children|Comedy
Grace,136,2016,9.35,Horror|Thriller,Action|Adventure,Documentary
Lon Chaney: A Thousand Faces,143,2001,2.95,Documentary,Drama,Drama
Hilary and Jackie,131,2016,4.14,Drama,Comedy|Crime|Drama,Drama
Symphony of the Soil,105,2012,5.49,Adventure|Documentary,Documentary,Drama
Fat City,111,2007,2.09,Drama,Comedy|Horror,Drama|Thriller
My Flesh My Blood (Moja krew),117,2012,4.65,Drama,Drama|Film-Noir|Thriller,Fantasy
The New Babylon,141,2015,8.48,Drama,Drama,Documentary
Slim Susie (Smala Sussie),127,2005,3.63,Comedy|Crime|Mystery,Drama|Horror|Thriller,Action|Drama
Family Affair ,108,2013,4.95,Documentary,Comedy|Drama|Romance,Drama|War
Tekkonkinkreet (Tekkon kinkurîto),146,2002,8.98,Action|Adventure|Animation|Crime|Fantasy,Comedy|Romance,Drama
Babylon 5: Thirdspace,141,2008,5.42,Drama|Sci-Fi,Horror,Animation|Children
Snitch,139,2001,5.15,Action|Drama|Thriller,Comedy|Drama|Romance,Drama
Night Flier,117,2018,7.51,Horror,Animation|Drama,Children|Drama|Thriller
Pat and Mike,134,2009,8.45,Comedy|Romance,Horror|Mystery|Thriller,Action|Adventure|Drama|Thriller
Superman Unbound,121,2017,5.21,Action|Adventure|Animation,Comedy|Drama,Action|Mystery
Before and After,134,1993,6.65,Drama,Comedy,Comedy|Romance
Timeline,124,1994,3.87,Action|Adventure|Sci-Fi,Drama|Film-Noir|Thriller,Comedy|Drama|Musical
Firstborn,135,1998,3.96,Drama|Thriller,Crime|Drama,Horror|Thriller
Bon Voyage Charlie Brown (and Don't Come Back!),146,1990,2.82,Animation|Children|Comedy,Comedy,Adventure|Children|Fantasy
Test Pilot,119,1997,1.47,Drama|Romance,Drama|Romance|War,Action|Crime|Drama|Mystery|Thriller
Courage Mountain,109,2001,7.43,Adventure|Children|Drama,Children|Comedy|Fantasy|Musical,Documentary
Gypsy,140,2011,2.79,Comedy|Drama|Musical,Animation|Comedy,Comedy|Mystery
Jade Warrior (Jadesoturi),108,2000,4.16,Action|Adventure|Drama,Drama|Film-Noir,Drama|Thriller
But I'm a Cheerleader,110,2001,8.82,Comedy,Western,Comedy|Fantasy|Mystery|Romance
Man of the West,119,1990,7.18,Western,Comedy,Comedy
Mortal Instruments: City of Bones The,137,2006,2.61,Action|Adventure|Drama|IMAX,Horror|Thriller,Drama|Romance
America's Sweethearts,137,1996,2.04,Comedy|Romance,Drama,Drama|Thriller
There Goes My Baby,128,2013,3.44,Comedy|Drama,Action|Adventure|Comedy|Romance|Thriller,Comedy
Rat Race The (Garson Kanin's The Rat Race),122,2011,9.08,Comedy|Drama|Romance,Crime|Drama|Film-Noir,Horror|Thriller
Prodigal Sons,130,2015,1.48,Documentary,Drama|Romance,Documentary
Flight of the Intruder,147,1992,9.2,Action|War,Documentary|Drama,Documentary
Van Gogh,150,2006,4.78,Drama,Comedy,Drama|Romance
Belly 2: Millionaire Boyz Club,136,2015,5.98,Drama,Action|Crime|Drama,Documentary
Year Zero: The Silent Death of Cambodia,137,1991,3.16,Documentary,Drama,Adventure|Animation|Children|Musical
Straits of Love and Hate The (Aien kyo),150,2001,1.24,Drama,Documentary,Horror|Thriller
Against One Another Virtually Friends,148,2013,8.92,Comedy,Drama|Horror|Thriller|War,Action|Adventure|Sci-Fi
Norte El,107,2016,9.18,Adventure|Drama,Comedy,Comedy|Drama
Reckless,113,2017,5.21,Comedy|Drama|Romance,Crime|Drama|Film-Noir,Drama
Lollilove,114,2014,4.44,Comedy,Action|Drama,Horror
Satan's Sword (Daibosatsu tôge),129,2013,5.32,Action|Drama,Drama,Comedy
Poltergeist,142,2007,5.5,Horror|Thriller,Adventure,Musical
Superpower,135,1992,6.87,Documentary,Comedy|Romance,Drama|IMAX
West Side Story,111,2016,3.52,Drama|Musical|Romance,Drama|Romance,Drama
Mandabi (The Money Order),107,1993,3.47,Drama,Documentary,Drama
Last Year at Marienbad (L'Année dernière à Marienbad),143,2020,7.15,Drama|Mystery|Romance,Comedy|Crime|Drama|Romance,Comedy|Drama|Romance
Deuces Wild,143,1990,6.84,Drama,Children,Thriller
All Dogs Go to Heaven,105,2003,8.68,Animation|Children|Comedy|Drama|Fantasy,Adventure|Drama,Action|Drama|Romance
Moog,109,2003,7.92,Documentary|Musical,Comedy,Documentary|Drama
Zero Charisma,138,2012,6.83,Comedy|Drama,Action|Drama|War,Drama
Strictly Ballroom,104,1994,2.72,Comedy|Romance,Crime|Drama,Crime|Drama
Godspeed You! Black Emperor,124,2015,9.05,Documentary,Action|Comedy|Romance,Drama
Creepshow 3,122,2001,7.07,Horror,Drama|Thriller,Adventure|Drama
Chronic Town,147,2007,1.02,Action|Drama|Thriller,Horror,Drama
Bringing Up Baby,121,2015,1.8,Comedy|Romance,Mystery|Thriller,Documentary
Hurry Sundown,118,1999,3.76,Drama,Documentary,Crime|Drama|Thriller
Perfect Sisters,119,2016,8.44,Drama|Mystery,Comedy|Drama,Adventure|Children|Drama
Charlie Victor Romeo,141,2004,7.42,Documentary|Drama|Thriller,Comedy|Drama|Romance,Comedy|Romance
Tank on the Moon,107,1990,3.77,Documentary,Drama,Action|Adventure|Drama|Sci-Fi|Thriller
Block-Heads,147,2001,9.13,Comedy|War,Documentary,Comedy
Beat the Devil,108,2013,3.41,Adventure|Comedy|Crime|Drama|Romance,(no genres listed),Documentary
Woodstock,106,2005,4.08,Documentary|Musical,Drama,Action|Adventure|Animation|Fantasy|Sci-Fi
Song of Ceylon The,110,2015,3.14,Documentary,Drama,(no genres listed)
Under the Skin of the City (Zir-e-poost-e Shahr),119,2018,9.78,Drama,Action|Adventure,Action|Horror|Musical
Targets,144,2006,6.31,Crime|Thriller,Drama,Crime|Mystery
Meet the Deedles,141,1993,2.93,Children|Comedy,Drama,Drama
Portrait of a Lady The,128,2010,9.11,Drama,Drama,Action|Comedy|Crime|Thriller
Abandon Ship! (Seven Waves Away),134,1992,7.28,Adventure|Drama,Drama|Romance,Adventure|Fantasy|Sci-Fi
Marked Woman,118,1996,8.74,Crime|Drama|Film-Noir,Drama|Horror|Mystery|Thriller,Comedy|Crime
Ambushers The,139,1993,3.22,Comedy|Sci-Fi|Thriller,Drama,Horror
Impossible The (Imposible Lo),131,2012,7.71,Drama|Thriller,Comedy|Drama,Comedy|Drama
Warriors of Virtue,148,2017,6.77,Action|Adventure|Children|Fantasy,Comedy|Drama,Drama
Last Days in Vietnam,122,2010,6.96,Documentary|War,Horror,Adventure|Animation|Children
Barbershop,105,2019,3.37,Comedy,Drama,Animation|Children
Adventures of Ichabod and Mr. Toad The,147,2009,4.71,Animation|Children,Comedy|Romance,Comedy|Romance
End The,135,2019,4.78,Comedy,Action|Crime|Drama,Drama
Backbeat,137,1996,9.86,Drama|Musical,Comedy,Drama
Partners in Crime (Associés contre le crime...),139,1999,9.32,Comedy|Crime,Drama,Documentary
How the West Was Won,143,2005,2.68,Adventure|Drama|Western,Drama,Action|Comedy|Drama|Horror
Keeper The,112,2016,4.41,Crime|Drama|Thriller,Drama,Documentary
Snowtown (Snowtown Murders The),138,1996,4.74,Crime|Drama|Thriller,Horror|Sci-Fi,Drama|War
Hospital The,126,1992,7.73,Comedy|Drama,Documentary,Adventure|Animation|Fantasy
Without Bias (a.k.a. Len Bias),134,2014,9.42,Documentary,Action|Drama|Thriller,Drama
Dhoondte Reh Jaoge,143,1996,8.29,Comedy|Drama,Drama,Crime|Drama|Thriller
Beetle Queen Conquers Tokyo,138,1992,5.79,Documentary,Horror|Thriller,Comedy
Crooked Arrows,148,1997,4.92,Drama,Comedy|Romance,Documentary
Uncovered,114,2000,4.09,Mystery|Thriller,Drama|War,Adventure|Drama|Romance|War
Alcan Highway (Alaska Highway),148,1999,3.54,Documentary,Horror|Sci-Fi,Children|Comedy|Romance
Pearls of the Deep (Perlicky na dne),104,1996,7.29,Comedy,Action|Drama,Action|Drama|Thriller
Pahat pojat,111,2011,3.36,Action|Crime|Drama,Comedy|Western,Crime|Drama|Thriller
Centenarian Who Climbed Out the Window and Vanished The (Hundraåringen som klev ut genom fönstret och försvann),114,2005,2.13,Adventure|Comedy|Drama,Documentary,Action|Drama|War|IMAX
Vice Squad,124,2012,8.52,Action|Thriller,Comedy|Documentary,Drama|Romance
Battle of Los Angeles,120,2011,5.25,Action|Sci-Fi,Action|Crime,Thriller
Queen The,143,2005,6.11,Drama,Action|Drama|War,Adventure|Children|Fantasy
Lola Versus,104,2005,5.02,Comedy|Romance,Comedy|Musical|Romance,Children|Comedy|Sci-Fi
Teaching Mrs. Tingle,119,1997,5.04,Comedy|Thriller,Drama|Fantasy|Horror|Mystery|Thriller,Action|Fantasy|Horror
Kaho Naa... Pyaar Hai,150,2016,1.72,Action|Adventure|Comedy|Drama|Mystery|Romance|Thriller,Drama|Thriller,Mystery|Sci-Fi|Thriller
Woman Rebels A (Portrait of a Rebel),106,1992,5.84,Drama|Romance,Drama,Drama
Indestructible Man,108,1999,1.93,Crime|Horror|Sci-Fi,Comedy,Documentary
Starcrash (a.k.a. Star Crash),121,1993,3.09,Action|Adventure|Fantasy|Sci-Fi,Comedy|Crime|Documentary,Drama
Honkytonk Man,143,1997,2.37,Comedy|Drama,Horror|Sci-Fi,Romance
Kiss Me Goodbye,122,1990,2.73,(no genres listed),Adventure|Fantasy|Thriller,Horror|Sci-Fi|Thriller
Red Balloon The (Ballon rouge Le),124,2004,3.23,Children|Fantasy,Comedy|Drama|Romance,Comedy|Drama|Fantasy
Turistas,131,2017,6.1,Adventure|Drama|Horror|Mystery|Thriller,Drama,Romance
Deadline,111,2005,9.93,Drama|Horror|Thriller,Comedy|Drama|Romance,Comedy
Morning Patrol (Proini peripolos),113,2015,8.14,Sci-Fi,Horror|Mystery,Horror|Sci-Fi
Painted Skin,131,2000,4.15,Action|Drama|Thriller,Comedy|Drama|Musical|Romance,Documentary
Sekirei,105,2012,4.23,(no genres listed),Action|Crime|Drama|Thriller,Drama|Romance
Out of the Blue,115,2007,9.5,Drama,Drama,Drama
Paper Moon,114,1992,5.95,Comedy|Crime|Drama,Comedy|Drama,Action|Thriller
Game of Death,138,2000,9.33,Action,Animation|Crime|Drama|Horror|Mystery,Action|Children|Drama
Sergio,134,2013,1.1,Documentary,Comedy|Romance,Animation|Children
Eyes of Tammy Faye The,131,2019,9.04,Documentary,Drama|Film-Noir,Drama
Before and After,121,1994,4.77,Drama,Action|Adventure|Animation|Children|Sci-Fi,Drama
I Spit on Your Grave (Day of the Woman),141,2013,9.51,Horror|Thriller,Drama,Drama
Around the World in 80 Days,132,1990,8.31,Adventure|Children|Comedy,Drama|Romance,Action|Adventure|Animation|Comedy|Fantasy
Kimjongilia,111,1997,3.75,Documentary,Comedy,Children|Comedy|Musical|Romance
Kocken,115,2017,5.47,(no genres listed),Documentary|Drama|War,Drama
Will Penny,106,1996,5.27,Romance|Western,Drama|Thriller,Comedy|Drama|Musical
Soldier's Sweetheart A,124,2002,9.47,Drama|War,Documentary,Documentary
King Is Dead! The,121,2006,3.77,Comedy|Drama|Thriller,Drama,Adventure|Comedy|Drama|Fantasy|Romance
Precision: The Measure of All Things,113,1999,5.57,Documentary,Action|Horror|Mystery,Comedy|Drama
Bullfighter and the Lady,133,2001,4.41,Action|Drama|Romance,Drama|Romance,Action
Ingenious,149,2004,6.7,Comedy|Drama|Romance,Drama,Horror|Sci-Fi|Thriller
Firewalker,114,2001,3.48,Adventure,Romance|Western,Comedy
Passed Away,103,1998,4.08,Comedy,Action|Comedy|Romance,Drama
Going Clear: Scientology and the Prison of Belief,130,2011,5.75,Documentary,Drama|Film-Noir|Thriller,Comedy|Drama|Romance
Life Aquatic with Steve Zissou The,109,2001,4.8,Adventure|Comedy|Fantasy,Comedy,Crime|Drama|Mystery|Thriller
Giants and Toys (Kyojin to gangu),117,2011,2.5,Comedy|Drama,Horror|Sci-Fi|Thriller,Drama
Another Thin Man,135,2002,1.14,Comedy|Crime|Drama|Mystery|Romance,Action|Sci-Fi,Children|Drama
My Best Enemy (Mi mejor enemigo),139,1991,5.73,Drama|War,Horror|Mystery|Thriller,Horror
Old Boy,147,1996,5.51,Mystery|Thriller,Comedy|Drama,Drama|Musical|Romance
Fly II The,126,2010,2.18,Horror|Sci-Fi,Action|Adventure|Animation|Children,Drama
Goddess of 1967 The,116,1993,8.03,Comedy|Drama|Romance,Comedy,Adventure|Drama
Girl Play,135,1998,1.83,Comedy,Comedy|Romance,Sci-Fi|Thriller
The Savior,122,1995,3.42,Drama,Horror|Sci-Fi,Comedy|Romance
House on Haunted Hill,144,2006,7.62,Horror|Thriller,Comedy|Crime|Horror|Mystery|Thriller,Action|Drama
Bad Moon,111,2000,7.25,Action|Adventure|Horror,Drama,Documentary|War
Crush The (La cotta),144,2018,3.7,Romance,Crime|Drama,Comedy|Drama
Mother India,104,2009,6.56,Drama|Musical,Adventure|Comedy,Drama
Superstar Goofy,108,2008,9.12,Animation|Children|Comedy,Action|Adventure|Thriller,Drama
Let's Be Cops,113,2012,4.96,Comedy|Crime,Drama|Mystery,Drama
The Night That Panicked America,107,1992,3.83,(no genres listed),Comedy|Musical,Adventure|Animation|Children
Chelsea Walls,118,1993,5.08,Drama,Drama|Film-Noir,Drama|Thriller
As We Were Dreaming,108,1998,3.93,(no genres listed),Comedy,Action|Crime|Thriller
I Married a Witch,106,2020,3.63,Comedy|Fantasy|Romance,Horror|Mystery|Sci-Fi|Thriller,Drama
Robot Carnival (Roboto kânibauru),133,2004,9.81,Animation|Comedy|Drama|Fantasy|Sci-Fi,Comedy,Action|Sci-Fi
Fighting,135,2016,2.07,Action|Drama,Comedy|Fantasy,Drama
Dinoshark,125,2015,8.89,Horror|Sci-Fi,Documentary,Horror|Thriller
House with Laughing Windows The (Casa dalle finestre che ridono La),105,2004,4.43,Horror|Mystery|Thriller,Drama|Musical,Documentary
Cinderella,132,2001,5.01,Animation|Children|Fantasy|Romance,Drama,Comedy|Romance
A Flintstones Christmas Carol,148,2020,8.77,Animation|Children|Comedy,Action|Sci-Fi,Adventure|Comedy|Romance
Trinity and Beyond,111,2008,3.68,Documentary,Action|Adventure|Sci-Fi|Thriller|War,Drama|Romance
Shallow Grave,140,2009,5.22,Comedy|Drama|Thriller,Comedy,Drama|Mystery|Sci-Fi|Thriller
Trust the Man,104,2003,7.62,Comedy|Drama|Romance,Documentary,(no genres listed)
Codebreaker,110,2015,3.02,Documentary|Drama,Action|Comedy|Horror|Thriller,Action|Drama|Horror|Romance|Sci-Fi
Smooth Talk,142,2014,4.23,Drama|Romance,Comedy|Fantasy|Romance,Drama
Lone Wolf McQuade,138,2002,5.13,Action,Documentary|Musical,Action|Adventure|Fantasy|Sci-Fi
This Must Be the Place,116,1998,3.29,Crime|Drama|Thriller,Drama,Action|Crime|Drama|Thriller
Sunless (Sans Soleil),126,2009,1.24,Documentary,Adventure|Children,Drama
Crave,115,2004,4.36,Drama|Thriller,Documentary,Adventure|Animation|Fantasy
Kiss Before Dying A,124,1992,7.73,Film-Noir|Mystery,Adventure,Comedy|Drama
Decoys 2: Alien Seduction ,136,2018,4.33,Horror|Sci-Fi|Thriller,Drama,Action|Thriller
Slap Shot 2: Breaking the Ice,149,2017,8.26,Comedy,Comedy|Drama,Drama
Sisterhood of the Traveling Pants The,118,1991,8.57,Adventure|Comedy|Drama,Comedy|Romance,Documentary
Good Shepherd The,143,2010,7.89,Drama|Thriller,Comedy,Comedy|Drama|Romance
Maze The,124,1997,1.15,Horror|Sci-Fi,Drama|Romance|Thriller|War,Documentary
History Boys The,113,2019,6.05,Comedy|Drama,Action|Drama|Sci-Fi,Adventure|Comedy
Spirit of the Beehive The (Espíritu de la colmena El),107,2014,2.46,Drama|Horror|Mystery,Comedy|Drama,Comedy|Drama
Ladyhawke,146,2010,1.31,Adventure|Fantasy|Romance,Crime|Documentary,Drama
Monsoon Wedding,104,2015,5.9,Comedy|Romance,Adventure|Children|Drama,Sci-Fi
Asier ETA biok,110,2008,9.07,Documentary,Comedy|Musical|Romance,Children|Comedy
Class The (Entre les murs),106,2005,5.8,Drama,Fantasy|Horror|Sci-Fi|Thriller,Comedy|Romance
Outfoxed: Rupert Murdoch's War on Journalism,129,2014,4.73,Documentary,Drama,Documentary
King Lear,142,1995,5.8,Comedy|Drama|Sci-Fi,Documentary,Drama
Fond Kiss A (Ae Fond Kiss...),131,2018,3.54,Drama|Romance,Action|Drama|Sci-Fi,Documentary
Tarantula,138,1998,7.63,Horror|Sci-Fi,Comedy|Crime|Horror,Comedy|Romance
Jasminum,135,1999,2.58,Comedy|Drama,Animation|Children,Comedy|Drama
Lucy,124,2010,7.45,Action|Sci-Fi,Drama,Action|Adventure|Comedy|Crime
Flannel Pajamas,126,1998,5.86,Romance,Adventure|Drama|Horror|Thriller,Comedy|Drama
Radio Days,143,1998,5.86,Comedy|Drama,Animation|Children,Drama
Enemies of Reason The,121,2012,2.03,Documentary,Drama,Adventure|Comedy|Drama
Doc,105,1999,1.03,Western,Action|Thriller,Drama
Sex Lies and Videotape,144,2009,5.67,Drama,Drama,Comedy
Frenchmen 2,132,2006,7.99,Comedy|Romance,Comedy|Drama,Comedy
Hostile Witness,137,2004,8.36,Drama,Horror,Comedy|Romance
Applause (Applaus),148,2015,3.41,Drama,Drama|Mystery|Thriller,Comedy|Drama|Romance
Count Yorga Vampire,109,2006,1.24,Drama|Horror|Romance,Drama,Action|Adventure|Fantasy|Sci-Fi
Good Vibrations,128,2003,6.05,Drama|Musical,Comedy,Comedy|Musical|Romance
The Way He Looks,108,1995,7.21,Drama|Romance,Comedy|Crime|Thriller,Comedy
Police Academy 3: Back in Training,124,2015,7.72,Comedy|Crime,Action|Drama|Horror|Sci-Fi|Thriller,Drama|War
Mrs. Miniver,150,2017,2.73,Drama|War,Comedy|Drama,Western
Freddy vs. Jason,145,2004,9.61,Action|Horror|Thriller,Animation|Sci-Fi,Drama
Boys Are Back The,129,1995,5.09,Comedy|Drama,Comedy,Action|Crime|Drama|Western
Birds the Bees and the Italians The (Signore & signori),112,1991,8.45,Comedy,Comedy,Crime|Drama
Sharktopus,140,2015,7.63,Action|Horror|Sci-Fi,Adventure|Drama|Thriller,Comedy|Drama
Macbeth,106,2000,6.73,Drama,Comedy|Drama|Romance,Comedy|Drama
Pitfall (Otoshiana),149,2016,4.14,Crime|Drama|Fantasy,Drama|Romance|Thriller,Comedy|Documentary
Castle of Sand The (Suna no utsuwa),133,1992,7.36,Crime|Mystery|Thriller,Action|Drama|Thriller,Drama|Musical|Romance
Agora,122,1996,4.84,Adventure|Drama|Romance,Comedy|Drama,Drama
Amazing Adventure The (a.k.a. The Amazing Quest of Ernest Bliss),128,2009,9.87,Comedy|Drama|Romance,Animation|Children|Fantasy,Documentary
Svidd Neger,145,2009,4.16,Comedy|Crime|Drama|Horror|Mystery|Romance|Thriller,Comedy,Horror
Construction The (En construcción),134,2010,9.27,Documentary,Children|Comedy,Action|Adventure|Drama|War
What! No Beer?,107,2003,6.31,Comedy,Action|Adventure|IMAX,Comedy
Paradise,109,2001,1.49,Romance,Horror,Drama|Thriller
Bitch Slap,113,1998,7.77,Action|Comedy|Crime|Thriller,Comedy|Drama,Drama
Eiger Sanction The,134,2012,4.84,Action|Adventure|Drama|Thriller,Drama|Romance,Crime|Drama|Thriller
Dragon Day,131,2007,1.74,Drama|Sci-Fi|Thriller,Drama,Comedy
Woman That Dreamed About a Man The (Kvinden der drømte om en mand),150,1998,6.07,Drama,Documentary|Musical,Horror
Elena,114,2020,1.59,Drama,Animation|Children|Comedy,Action|Adventure
Death Sentence,115,1998,8.58,Drama|Thriller,Comedy|Crime,Drama
Road to Ruin The,107,1995,8.38,Drama,Comedy|Musical,Drama|Sci-Fi
Girl in the Cadillac,120,1998,1.83,Drama,Comedy,Drama
Tapia,137,1994,9.69,Documentary,Drama,Drama|War
Tempest,136,1996,6.13,Comedy|Drama,Action|Thriller,Documentary
Coherence,139,2016,5.26,Drama|Mystery|Sci-Fi|Thriller,Comedy,Drama
Over Your Dead Body,109,1997,7.15,Horror,Sci-Fi,Documentary|Thriller
Alamo Bay,128,2016,8.56,Action|Drama|Romance,Drama,Thriller
Making of a Legend: Gone with the Wind The,129,2011,8.14,Documentary,Documentary,Crime|Drama|Film-Noir|Thriller
Carmen Comes Home (Karumen kokyo ni kaeru),127,1997,1.48,Comedy,Crime|Drama|Thriller,Action|Thriller|War
Saludos Amigos,104,2003,3.42,Animation|Children|Comedy,Drama|Mystery,Drama|Fantasy|Romance
Rulers of the City,110,2009,6.5,Action|Comedy|Crime,Comedy,Action|Crime|Drama
Hitcher The,141,2000,2.26,Action|Horror|Thriller,Drama|Romance,Drama
Berta's Motives (Los motivos de Berta: Fantasía de Pubertad),122,2015,9.58,Drama,Comedy|Western,Action|Adventure|Fantasy
Drummer-Crab (Le Crabe-Tambour),144,2011,4.74,Adventure|Drama|War,Adventure|Animation|Children,Drama
Lavender Hill Mob The,131,2008,6.05,Comedy|Crime,Drama|Romance,Drama
Cuba,144,2015,1.21,Action|Adventure|War,Action|Fantasy|Thriller,Animation|Children|Fantasy|Mystery
War Is Over The (Guerre est finie La),105,1997,4.84,Drama,Crime|Drama|Thriller,Action|Adventure
Patema Inverted,148,2004,9.1,Adventure|Animation|Drama|Fantasy|Sci-Fi,Comedy,Documentary
House of the Rising Sun,123,1997,6.87,Action|Crime|Drama|Thriller,Comedy|Drama|Fantasy,Action
Sicko,138,1997,9.78,Documentary|Drama,Crime|Drama|Romance,Comedy|Romance
Crippled Masters (Tian can di que),141,2013,4.49,Action|Drama,Action|Crime|Drama,Comedy|Romance
Good Doctor The,142,1996,5.61,Drama|Mystery|Thriller,Drama|Sci-Fi,Action|Thriller
Autumn in New York,145,2004,3.75,Drama|Romance,Adventure|Children|Sci-Fi,Drama|Romance|Thriller
Jerusalem,116,2016,4.47,Drama,Drama|Fantasy|Mystery|Romance|Sci-Fi,Comedy
Samaritan The,137,2011,8.53,Drama|Thriller,Drama,Thriller
Company,115,1999,5.78,Drama|Musical,Comedy,Comedy|Drama|Romance
The Uninvited Guest,119,2012,5.84,Drama|Horror|Mystery|Thriller,Crime|Horror|Thriller,Drama|Thriller
Morning of the Earth,127,1990,7.6,Documentary,Crime|Mystery,Documentary
Desperado,127,2013,7.71,Action|Romance|Western,Action|Drama,Crime|Drama|Film-Noir
Sisterhood of the Traveling Pants 2 The,102,2010,3.76,Adventure|Comedy|Drama|Romance,Drama,Comedy|Sci-Fi
Crimson Rivers The (Rivières pourpres Les),146,2009,7.62,Crime|Drama|Mystery|Thriller,Animation|Children|Comedy,Comedy|Drama
Circus The,116,2001,7.89,Comedy,Crime|Drama,Crime|Drama
Tommy,146,1996,2.32,Drama|Musical,Crime|Drama|Thriller,Action|Adventure|Animation|Children
Pride,109,1994,9.59,Drama,Drama,Comedy
Apache Country,131,2011,5.25,Action|Western,Crime|Drama|Film-Noir,Drama|Romance
A Home at the End of the World,139,1998,7.04,Drama|Romance,Crime|Drama,Drama
Road Trip: Beer Pong,113,1992,4.32,Comedy,Comedy,Comedy
Eddie Izzard: Circle,126,2015,1.56,Comedy,Drama|Romance,(no genres listed)
Heads,109,1997,1.84,Comedy|Crime,Animation|Fantasy|Musical,Comedy
Last Godfather The,114,2018,9.87,Comedy,Crime|Drama|Film-Noir,Comedy|Drama
Eighth Day The (Den Åttonde dagen),135,2006,3.05,Children|Drama,Documentary,Comedy|Romance
Love! Valour! Compassion!,140,1997,1.22,Drama|Romance,Comedy|Drama,Drama
Vatel,123,2019,4.33,Drama,Comedy|Drama,Animation
Life Is Rosy (a.k.a. Life Is Beautiful) (Vie est belle La),133,2004,1.89,Comedy|Drama,Comedy|Horror|Musical,Drama
Cape Fear,123,1994,9.08,Thriller,Action|Drama,Drama
Tenant The (Locataire Le),112,1999,9.27,Drama|Horror|Mystery|Thriller,Drama|Romance,Documentary
Betrayed (True and the Brave The),150,1999,8.85,Drama|Romance|Thriller|War,Documentary,Drama
Band of Brothers,137,1992,1.42,Action|Drama|War,Drama|Horror|Mystery|Thriller,Comedy|Crime|Drama
Milagro Beanfield War,128,2003,9.88,Comedy|Drama|Fantasy,Documentary,Drama
Love Wrecked,137,2008,5.26,Comedy|Romance,Drama,Action|Drama|Romance|Sci-Fi
Gaucho The,138,2004,4.97,Adventure|Romance,Comedy|Drama,Crime|Drama|Film-Noir
Two Weeks in Another Town,103,2003,2.4,Drama,Crime,Sci-Fi
Suddenly (Tan de Repente),126,2010,9.91,Comedy|Drama,Crime|Drama,Drama
Blackout (Murder by Proxy),117,2002,4.06,Crime|Drama|Thriller,Documentary,Comedy|Drama
World of Apu The (Apur Sansar),141,1990,1.64,Drama,Comedy|Romance,Action|Adventure|Thriller
Elizabeth I,147,1999,3.1,Drama,Adventure|Crime|Drama,Drama
Voll Normaaal,141,2001,1.59,Comedy,Documentary,Comedy
Nibelungen: Siegfried Die,128,1991,6.45,Adventure|Drama|Fantasy,Drama,Comedy|Fantasy|Romance
Beginning of the End,133,1996,5.48,Sci-Fi,Drama,Drama
From the Earth to the Moon,141,1990,2.09,Adventure|Fantasy|Sci-Fi,Drama|Romance,Comedy
Paint Your Wagon,148,1992,1.86,Comedy|Musical|Western,Drama|Mystery|Thriller,Comedy
Hippie Revolution The,141,2019,4.56,Documentary,Comedy,Drama|Musical
Mount St. Elias,139,2020,1.64,Documentary,Crime|Drama,Drama
Violence at Noon (Hakuchu no torima),103,2020,7.31,Drama,Comedy|Drama|Horror,Documentary
Yossi & Jagger,124,2012,3.52,Drama|Romance,Crime|Drama,Documentary
Goofy Movies Number One,129,2004,1.18,Comedy,Drama,Crime
Class The (Entre les murs),147,1997,7.78,Drama,Documentary,Adventure|Sci-Fi|Thriller
Vengeance Can Wait,145,2012,4.11,Comedy|Drama|Romance,Sci-Fi,Crime|Drama|Romance
Primal,127,2019,8.27,Horror|Thriller,Drama,Comedy|Drama
Undisputed,119,1998,2.07,Drama,Drama|Musical|Romance,Drama
Transsiberian,126,2007,6.58,Crime|Drama|Thriller,Comedy,Action|Thriller
Ordinary Decent Criminal,108,2008,4.93,Comedy|Crime,Drama|Romance,Comedy|Drama|Romance
Natural Selection,104,2019,7.52,Comedy|Drama,Comedy|Horror,Drama|Mystery|Sci-Fi|Thriller
Cold Storage,103,1999,3.05,Thriller,Comedy|Romance,Drama|Thriller
Summer of '04 (Sommer '04),140,2020,9.13,Drama,Comedy|Romance,Drama
Once Upon a Time in China II (Wong Fei-hung Ji Yi: Naam yi dong ji keung),131,2000,2.66,Action|Romance,Comedy|Romance,Action|Drama|Thriller
Along Came Jones,116,2009,1.42,Comedy|Romance|Western,Musical,Action|Thriller
Take the Money and Run,146,1990,5.24,Comedy|Crime,Drama,IMAX
Executive Suite,109,1999,5.52,Drama,Documentary,Comedy|Romance
Godzilla 2000 (Gojira ni-sen mireniamu),140,2006,6.25,Action|Adventure|Sci-Fi,Comedy,Crime|Horror|Thriller
New York Lightboard Record,103,2003,1.8,Animation|Documentary,Comedy|Drama|Sci-Fi,Sci-Fi
Our Beloved Month of August (Aquele Querido Mês de Agosto),122,2019,4.94,Romance,Action|Adventure,Drama
Man's Favorite Sport?,119,1991,2.33,Comedy,Crime|Horror|Thriller,Drama
Playing for Keeps,147,1996,5.51,Comedy,Comedy|Drama,Comedy|Crime|Drama
Beginner's Guide to Endings A,103,2001,9.03,Comedy|Drama,Comedy|Crime|Drama,Comedy|Drama|Musical
Reel Rock 7 ,134,1991,7.21,Documentary,Crime|Drama,Action|Adventure|Fantasy
Black Widow,150,2002,2.93,Drama|Mystery,Comedy|Musical,Drama|Thriller
Postman The,141,2006,5.82,Action|Adventure|Drama|Sci-Fi,Documentary,Comedy|Romance
Claymation Christmas Celebration A,119,2003,6.11,Animation|Children|Comedy|Musical,Western,Drama
Manborg,112,2000,6.39,Action|Adventure|Comedy,Comedy|Drama,Drama|Fantasy|Mystery
Vanishing The (Spoorloos),129,2005,8.36,Drama|Thriller,Drama,Documentary
Beloved,148,1993,9.09,Drama,Drama,Documentary
Invisible Circus The,130,2013,3.17,Drama|Romance,Horror,Documentary|War
My Bollywood Bride,115,2017,5.06,Comedy|Drama|Romance,Documentary,Comedy|Drama
See Here Private Hargrove,141,2017,8.08,Comedy|Romance|War,Horror,(no genres listed)
Walk of Shame,111,2006,4.3,Comedy,Documentary,Drama
The Happy Road,145,2007,2.26,Comedy,Horror|Sci-Fi,Horror
Before Night Falls,110,1998,4.79,Drama,Drama,Comedy|Drama
Jesus Christ Superstar,136,2009,4.04,Drama|Musical,Film-Noir|Romance|Thriller,Comedy|Romance
Light It Up,110,2004,4.27,Drama,Drama,Documentary
Tenth Man The,143,1991,6.08,Drama|War,Animation|Children|Fantasy|Romance,Comedy
Ice Pirates The,127,2019,5.7,Action|Adventure|Comedy|Sci-Fi,Comedy|Drama,Drama|Romance
Days and Clouds (Giorni e nuvole),135,2005,2.79,Drama,Crime|Drama|Thriller,Documentary
Pajama Party,148,2009,9.43,Comedy,Action|Drama|Thriller|Western,Comedy|Crime
Light Sleeper,133,1995,5.84,Crime|Drama,Comedy,Crime|Drama|Mystery
Insider The,116,1993,5.25,Drama|Thriller,Action|Drama|Fantasy|Horror,Drama
Waiter (Ober),134,2002,5.08,Comedy,Mystery|Thriller,Action|Horror
Jailhouse Rock,112,2014,4.76,Crime|Drama|Musical|Romance,Documentary,Action|Horror|Sci-Fi
Erkan & Stefan 2,133,2015,5.13,Comedy,Action|Crime|Thriller,Drama
Soldier of Fortune,114,2019,1.87,Adventure|Crime|Drama|Romance|Thriller,Comedy,Drama|Fantasy|Mystery|Romance|Sci-Fi
One Wonderful Sunday (Subarashiki nichiyobi),122,2002,6.1,Drama|Romance,Adventure|Drama|War,Animation
Little Nikita,131,2005,3.77,Drama,Comedy,Comedy|Drama
Horror Express,112,2006,8.74,Horror,Action|Crime|Drama|Thriller,Drama
Mighty Joe Young,137,1991,6.33,Adventure|Children|Drama,Comedy|Horror,Drama
Breed The,123,2004,5.36,Action|Adventure|Horror,Comedy|Drama|Romance,Documentary
Fools Rush In,115,2014,3.21,Comedy|Drama|Romance,Comedy|Drama|Romance,Action|Adventure|Thriller
Condo Painting,110,1991,5.76,Documentary,Action|Crime|Drama,Comedy
Dr. Strangelove or: How I Learned to Stop Worrying and Love the Bomb,124,2009,1.51,Comedy|War,Comedy|Romance,Mystery|Thriller|War
True Love,118,1999,9.03,Comedy,Drama,Comedy|Western
Change-Up The,119,1997,9.67,Comedy,Action|Drama|Romance|Sci-Fi,Adventure|Children
College Road Trip,138,2002,6.4,Comedy,Comedy,Drama|Thriller
10 Years,133,2011,2.94,Comedy|Drama|Romance,Documentary|Drama|Thriller,Fantasy
Sign of Four The,148,2011,4.72,Adventure|Crime|Drama,Crime|Drama|Thriller,Drama|Mystery|Thriller
Take Out,115,1999,4.07,Drama,Drama,Drama
Independent The,118,1999,6.5,Comedy,Sci-Fi,Drama
Legend of Suram Fortress The (Ambavi Suramis tsikhitsa) ,123,2011,2.69,Drama,Action|Comedy|Fantasy,Comedy|Drama|Romance
Old Fashioned Way The,103,1998,8.6,Comedy,Crime|Drama|Mystery|Thriller,Comedy|Drama|Horror|Romance
Manslaughter (Drabet),142,2008,8.35,Drama,Comedy|Drama,Comedy|Drama|Romance
Lonely Street,143,2017,7.03,Comedy|Mystery,Comedy,Drama|Thriller
Road The,131,2002,3.71,Crime|Drama|Horror|Thriller,Drama|Film-Noir,Comedy|Drama
Or (a.k.a. My Treasure),125,2004,2.56,Drama,Documentary,Adventure|Children|Comedy|Fantasy|IMAX
Godzilla's Revenge (Gojira-Minira-Gabara: Oru Kaijû Daishingeki) (All Monsters Attack),117,1994,6.54,Children,Drama,Comedy|Western
Frank,134,2001,9.01,Comedy|Drama|Mystery,Action|Comedy,Drama
Aprile,150,1996,7.23,Comedy,Horror|Sci-Fi|Thriller,Crime|Drama
Mía,131,2001,1.69,Drama,Animation|Children,Adventure|Fantasy
Jonah: A VeggieTales Movie,111,2017,6.57,Animation|Children|Musical,Action|Adventure|Thriller,Documentary
Diên Biên Phú,122,1992,7.18,Drama|War,Drama|Mystery|Sci-Fi|Thriller,Drama|Romance
Bewitched (Alter Ego),108,1993,2.22,Crime|Drama|Film-Noir|Thriller,Action,Drama
Come and Get It,117,2013,9.8,Drama,Horror,Action|Crime|Thriller
Man-Proof,106,2017,4.12,Comedy|Drama|Romance,Comedy|Fantasy|Romance,Drama
Great Ziegfeld The,133,2013,8.35,Drama|Musical,Action|Sci-Fi,Drama|Romance
Kagi (Odd Obsession),140,2009,2.38,Drama,Comedy,Drama|Thriller
The Finzi Detective Agency,142,2019,5.66,Comedy|Crime,Drama,Horror|Thriller
One Husband Too Many,142,2003,1.55,Comedy|Romance,Documentary,Thriller
It Happened One Night,138,1990,5.92,Comedy|Romance,Drama|Western,Comedy|Fantasy|Horror
Haunted,116,1997,9.26,Drama|Thriller,Romance,Crime|Romance|Thriller
Following Sean,114,2016,1.17,Documentary,Documentary,Crime|Drama
Eagle Has Two Heads The (L'aigle à deux têtes),120,2015,3.8,Drama,Drama|Sci-Fi,Action|Adventure|Sci-Fi
Russia House The,124,2014,2.88,Drama|Thriller,Documentary,Comedy|Drama|Romance
Pandora's Box,133,2014,7.43,Drama|Thriller,Action|Drama,Drama
Navajo Joe,129,1997,6.46,Western,Drama|Romance|War,Drama
Tom Jones,107,1994,5.06,Adventure|Comedy|Romance,Comedy,Comedy|Drama|Romance
Dirty Sanchez: The Movie,131,2015,4.11,Comedy,(no genres listed),Documentary
Risky Business,150,2019,2.81,Comedy,Drama,Action|Mystery|Thriller
More,117,2005,2.88,Animation|Drama|Sci-Fi|IMAX,Action|Sci-Fi|Thriller,Action|Adventure
Derailed,134,2006,9.65,Action|Thriller,Drama,Action|Crime|Drama
Betty,145,2016,9.01,Drama,Adventure|Fantasy,Drama
Mansion of Madness The,128,2015,7.84,Horror,Drama|War,Horror|Thriller
The Hunting Ground,140,2001,8.13,Documentary,Comedy|Crime|Drama,Action|Crime|Thriller
Billu,105,2019,4.92,Comedy|Drama|Musical,Drama|War,Adventure|Fantasy|Romance|Sci-Fi|Thriller
1984,131,2019,5.97,Drama|Sci-Fi,Drama|Musical|Romance,Fantasy|Mystery|Thriller
Nothing to Lose,147,1995,7.25,Action|Adventure|Comedy|Crime,Drama,Drama
Gun in Betty Lou's Handbag The,128,2001,1.5,Comedy|Mystery,Documentary,Drama
Devil in the Flesh,150,2015,7.33,Drama|Romance,Comedy|Drama,Comedy|Crime|Drama
Married to It,123,1993,8.09,Comedy|Drama,Drama|Romance,Action|Adventure
Secret Admirer,119,1990,4.68,Comedy|Romance,Drama|Mystery|Thriller,Comedy|Sci-Fi|Thriller
Sanjuro (Tsubaki Sanjûrô),138,2011,8.7,Action|Adventure|Drama,Comedy|Documentary,(no genres listed)
Foster Brothers The (Süt kardesler),115,1995,9.19,Comedy,Drama,Comedy
Never Cry Wolf,138,2007,2.63,Adventure|Drama,Comedy|Crime,Action|Crime|Drama|Thriller
Shoot on Sight,138,1998,6.49,Crime|Drama,Comedy|Musical,Action|Thriller
Barnens ö,146,2002,3.32,Adventure|Children|Drama,Drama,Drama|Fantasy
AKA,149,1996,2.39,Drama,Adventure|Animation|Children|Fantasy|IMAX,Documentary
Stonewall Uprising,105,2020,1.2,Documentary,Drama,Comedy|Drama
Fastest Gun Alive The,142,1993,6.94,Western,Documentary,Action|Drama
The Do-Deca-Pentathlon,139,1998,5.8,Comedy,Comedy|Drama|Romance,Horror|Thriller
White Wedding (Noce blanche),107,2003,8.27,Drama|Romance,Action|Comedy|Crime|Romance|Thriller,Comedy|Horror
Timerider: The Adventure of Lyle Swann,136,1991,6.41,Action|Adventure|Sci-Fi|Western,Comedy|Crime|Romance,Drama|Thriller
About Last Night,150,2011,4.85,Comedy|Romance,Comedy|Drama,Drama|Romance
Love Actually,122,2006,1.66,Comedy|Drama|Romance,Drama,Documentary
Women in Trouble,149,1998,2.21,Comedy,Drama|Romance,Comedy
Dead & Buried,118,2003,7.7,Horror,Comedy|Drama|Romance,Drama|Fantasy|Musical
Alice in Wonderland,133,1999,3.14,Adventure|Animation|Children|Fantasy|Musical,Crime|Drama|Romance,Action|Adventure|Romance
No Holds Barred,137,2015,8.83,Action,Animation|Children|Fantasy|Musical,Crime|Drama
Crisis: Behind a Presidential Commitment,113,2020,4.56,Documentary,Drama,Drama
From Prada to Nada,125,2011,9.72,Comedy|Romance,Comedy|Drama,Drama|Thriller
Divorce Iranian Style,137,2008,3.21,Documentary,Comedy|Documentary,Action|Sci-Fi|Thriller
Nightcap (Merci pour le chocolat),133,2010,5.78,Crime|Thriller,Animation|Children|Fantasy|Mystery,Comedy
WikiRebels: The Documentary,135,1990,5.28,Documentary,Adventure|Animation|Children|Fantasy|IMAX,Comedy|Drama
Skulls The,138,2008,4.07,Thriller,Drama,Comedy|Drama
Major Dundee,137,2004,5.32,Adventure|War|Western,Comedy,Drama|Fantasy
Corn Island (Simindis kundzuli),133,2004,4.54,Drama,Crime|Drama,Documentary
Run All Night,126,2002,3.11,Action|Crime|Drama|Mystery|Thriller,Western,Documentary
Colourful (Karafuru),112,2020,4.28,Animation|Drama|Fantasy|Mystery,Drama,Drama
Kinjite: Forbidden Subjects,116,1991,1.66,Crime|Thriller,Comedy|Crime,Comedy|Drama
Lost Horizon,150,2017,3.15,Drama,Comedy|Romance,Animation|Children
Joy Ride,147,1990,4.74,Adventure|Thriller,Drama,Drama|Horror|Thriller
Yor the Hunter from the Future,129,1997,3.22,Sci-Fi,Action|Adventure|Sci-Fi,Drama|War
Sister My Sister,111,1999,7.16,Drama,Comedy,Horror|Thriller
Ice Age 4: Continental Drift,117,2012,1.04,Adventure|Animation|Comedy,Drama,Action|Adventure|Thriller
Swindle The (Bidone Il),125,2012,1.83,Drama,Drama,Adventure|Children|Sci-Fi
Passed Away,122,2001,2.75,Comedy,Comedy|Drama,Comedy|Musical
New York I Love You,142,1994,8.36,Drama|Romance,Comedy|Romance,Documentary
Shanghai Knights,133,2006,4.08,Action|Adventure|Comedy,Animation|Drama|War,Drama|Thriller
Cradle Will Rock,122,2014,7.02,Drama,Western,Adventure|Children|Comedy|Fantasy|Sci-Fi
When Ladies Meet,145,2011,3.81,Comedy|Drama|Romance,Crime|Mystery|Thriller,Drama
Girl of Your Dreams The (Niña de tus ojos La),129,2010,6.99,Comedy|Drama,Documentary,Drama
Way of the Gun The,130,2010,8.72,Crime|Thriller,Drama,(no genres listed)
General Died at Dawn The,135,1993,3.48,Adventure|Crime|Thriller,Drama,Comedy|Drama
Midsummer Night's Dream A,138,2013,6.91,Comedy|Fantasy|Romance,Drama|Thriller,Drama
Tyler Perry's Why Did I Get Married Too?,102,2019,7.88,Comedy,Film-Noir|Thriller,Horror|Thriller
Taking Sides,111,2019,6.69,Drama,Documentary,Drama
Rovaniemen markkinoilla,104,2013,9.98,Comedy|Musical,Action|Drama|Thriller,Drama
Odd Couple (Bo ming chan dao duo ming qiang) (Eternal Conflict),140,2014,7.35,Action|Adventure,Comedy,Drama
Remote Control,134,1996,7.94,Comedy|Drama,Drama,Drama
On Guard (Bossu Le),143,1990,7.35,Adventure|Drama,Adventure|Drama|Romance|Sci-Fi|Thriller,Crime|Drama
Girl From Nowhere The,145,2003,4.45,Drama|Romance,Drama,Comedy|Drama
Third Star,139,2020,1.18,Comedy|Drama,Documentary|Drama,Comedy
Tea For Two,134,1990,4.01,Comedy|Musical|Romance,Adventure|Fantasy,Horror|Thriller
Numbskull Emptybrook (Uuno Turhapuro),116,2000,3.03,Comedy,Children|Comedy,Drama|Romance|Western
Bean,142,2016,9.59,Comedy,Drama,Comedy
To Have and Have Not,103,2012,8.01,Adventure|Drama|Romance|Thriller|War,Comedy,Comedy|Thriller
Vasermil,118,2013,5.46,Drama,Crime|Drama|Thriller,Horror
Bis zum Ellenbogen,119,2003,8.42,Comedy,Action|Crime|Drama|Thriller,Documentary
Stolen Kisses (Baisers volés),104,1993,3.35,Comedy|Drama|Romance,Documentary,Comedy
21 Up,110,2011,7.49,Documentary,Comedy|Drama,Crime|Documentary
Gravedancers The,139,1991,2.58,Horror|Thriller,Drama,Drama|Sci-Fi
Takedown: The DNA of GSP,110,1995,2.26,Documentary,Drama|War,Fantasy|Romance|Thriller
Marina Abramovic: The Artist Is Present,142,2015,5.43,Documentary,Thriller,Drama
Hit Man,112,2007,2.22,Crime|Drama,Drama|Musical,Drama|Musical
Before and After,148,2009,6.1,Drama|Mystery,Fantasy|Musical|Romance,Comedy|Drama|Musical|Romance
Autumn Spring (Babí léto),143,2012,7.53,Comedy|Drama,Comedy|Drama,Documentary
Control,110,2004,4.33,Crime|Sci-Fi|Thriller,Action|Comedy|Horror|Thriller,Documentary
I Will Buy You (Anata kaimasu),122,2000,9.56,Drama,Comedy,Comedy|Horror
Wings of the Dove The,147,2016,5.77,Drama|Romance,Action|Drama|Thriller|War,Drama
Stars in My Crown,108,2008,2.09,Drama|Western,Drama,Action|Adventure
All That Jazz,116,2010,6.38,Drama|Fantasy|Musical,Documentary,Drama
East of Eden,137,2014,5.84,Drama,Comedy|Romance,Documentary
To End All Wars,112,2020,6.2,Action|Drama|War,Adventure|Drama|Horror|Mystery,Comedy
Armless,146,2015,7.69,Comedy,Animation|Children,Crime
Ghost Rider: Spirit of Vengeance,108,1999,9.12,Action|Fantasy|Thriller,Comedy|Drama,Comedy|Documentary
Presenting Lily Mars,102,1991,1.21,Comedy|Musical|Romance,Children|Drama,Adventure|Drama
Entre nos (Between Us),103,1990,3.25,Drama,Comedy|Drama,Drama
Sympathy for the Devil,113,2020,5.43,Documentary|Musical,Drama,Comedy|Romance
Merchants of Doubt,124,2014,7.24,Documentary,Documentary,Comedy|Crime
My Louisiana Sky,144,1999,7.53,Drama,Comedy|Western,Drama
JFK,131,2005,2.44,Drama|Mystery|Thriller,Drama,Comedy|Romance
Drama/Mex,144,2008,3.88,Drama,Drama,Drama|War
Student of the Year,150,2016,3.49,Comedy|Romance,Comedy,Horror|Thriller
The Last Journey,107,2014,8.29,Crime|Drama,Comedy|Drama|Fantasy|Romance,Drama
After the Rehearsal (Efter repetitionen),129,2012,3.17,Drama,Drama,Action|Fantasy|Sci-Fi
Dad,145,2007,8.97,Drama,Comedy,Drama|Romance
Mann tut was Mann kann,141,1993,2.69,Comedy,Drama|Romance,Comedy|Drama
The Floating Castle,120,2011,7.33,Comedy|Drama,Drama|Thriller|War,Comedy|Drama
Countdown to Zero,112,2010,6.15,Documentary,Action|Sci-Fi|Thriller,Documentary
Straits of Love and Hate The (Aien kyo),123,2016,1.96,Drama,Comedy|Romance,Comedy
Snow Cake,149,2004,1.52,Drama,Action|Crime|Thriller,Comedy|Drama
Guadalcanal Diary,109,2000,7.51,Action|War,Drama,Documentary
Great Day in the Morning,102,2008,3.62,Western,Comedy,Drama
Four Minutes (Vier Minuten),113,2015,3.11,Drama,Drama|War,Documentary
How High,104,2010,7.94,Comedy,Action|Adventure|Thriller,Horror
Bishop Murder Case The,115,1999,2.84,Mystery,Horror,Drama
All About Lola (Ce que je sais de Lola) (Lo que sé de Lola),117,2008,3.63,Romance,Comedy|Drama,Animation|Children
Expecting a Miracle,120,2009,4.4,Drama,Drama,Adventure|Horror|Thriller
2 Guns,117,1991,2.44,Action|Comedy|Crime,Action|Comedy,Documentary
Venom,126,2007,6.77,Horror|Thriller,Action|Drama,Action|Animation|Comedy|Sci-Fi
War of the Buttons,113,2014,3.39,Adventure|Children|Drama,Comedy|Drama|Romance,Drama
Lucky Number Slevin,134,2014,5.48,Crime|Drama|Mystery,Crime|Drama,Comedy|Drama
Wet Hot American Summer,123,2011,1.68,Comedy,Drama,Drama|Thriller|War
Frost/Nixon,110,2004,7.16,Drama,Adventure|Animation|Children,Comedy
Devil's Eye The (Djävulens öga),117,1994,5.01,Comedy|Drama|Fantasy,Drama|War,Crime|Western
Emerald Cowboy,131,2014,5.29,Documentary|Drama,Action|Crime|Thriller,Action|Adventure|Comedy|Fantasy
Adventures of Tom Sawyer The,111,1992,1.75,Adventure,Animation,Drama
Moliere,129,1998,9.59,Drama,Drama,Comedy
Mouth to Mouth (Boca a boca),126,2003,6.18,Comedy,Drama,Children|Comedy|Drama
Mamma Mia!,127,2016,4.2,Comedy|Musical|Romance,Comedy|Drama|Romance,Comedy|Drama|Romance
Bait,146,1993,2.76,Action|Horror|Thriller,Drama,Action|Comedy
Savior,118,1997,3.53,Drama|War,Comedy|Romance,Documentary
Nature of the Beast The,124,2017,3.48,Crime|Horror|Mystery|Thriller,Documentary,Drama
Secretary,112,1999,8.84,Comedy|Drama|Romance,Action|Romance|Sci-Fi|Thriller,Action|Adventure
Al Capone,125,1990,5.12,Crime|Drama,Comedy,Comedy|Romance
Little Lord Fauntleroy,131,2017,1.39,Children|Drama|Romance,Animation|Comedy,Action|Horror
Independence Day (a.k.a. ID4),136,1999,4.69,Action|Adventure|Sci-Fi|Thriller,Horror,Action|Animation|Drama
Bang Bang,104,1997,7.33,Comedy,Crime|Drama|Thriller,Drama
Nightwatch,102,1990,1.62,Horror|Thriller,(no genres listed),Action|Sci-Fi|Thriller
The Magical Legend of the Leprechauns,121,2020,9.04,Adventure|Children|Comedy|Fantasy|Romance,Drama|Fantasy|Romance,Drama
Convent The,144,2010,5.36,Horror|Sci-Fi,Comedy|Drama|Romance,Crime|Drama|Mystery
Assignment The,109,2009,1.3,Action|Thriller,Action|Adventure|Crime|Western,Drama|Romance
One Deadly Summer (L'été meurtrier),130,2015,4.34,Comedy|Drama|Mystery,Comedy|Crime|Drama|Thriller,Crime|Drama|Mystery
Paris Is Burning,122,2010,4.66,Documentary,Drama|Musical|Romance,Horror
Super The,134,1990,4.36,Comedy,Film-Noir|Mystery|Thriller,Drama
Autumn Leaves,139,1993,6.12,Drama,Drama|Romance,Documentary
Bluebeard,128,1993,8.45,Thriller,Comedy,Drama
Gerhard Richter Painting,120,2011,9.28,Documentary,Drama|War,Adventure|Mystery
Love in the Time of Hysteria (Sólo con tu pareja),102,2020,5.03,Comedy|Romance,Drama,Comedy|Drama
Strong Man The,102,2006,8.53,Comedy,Drama|Romance,Action|Crime|Drama
Vuonna 85,131,1996,4.9,Comedy,Comedy|Crime|Film-Noir,Drama
New Orleans Uncensored,106,2008,1.61,Crime|Drama|Film-Noir|Thriller,Comedy|Drama|Romance,Crime|Film-Noir
Tell Them Willie Boy is Here,114,2020,7.08,Drama|Western,Comedy|Romance,Drama
Make It Happen,113,2006,9.08,Drama,Comedy|Romance,Action|Comedy|Sci-Fi|Thriller
Lille Fridolf and I,131,2000,4.06,Comedy,Comedy,Action|Drama
Secret of the Wings,136,2016,6.49,Adventure|Animation|Children|Fantasy,Adventure|Children|Drama,Drama
Counterfeiters The (Die Fälscher),129,2002,5.6,Crime|Drama|War,Comedy|Horror|Mystery,Drama
#chicagoGirl: The Social Network Takes on a Dictator,109,1992,4.54,Documentary,Comedy,Drama|Film-Noir|Thriller
Good Lawyer's Wife A (Baramnan gajok),142,2004,9.54,Drama,Drama|Romance|War,Drama
Dead Within,121,2007,5.51,Drama|Horror|Thriller,Crime|Drama|Thriller,Comedy|Romance
The Great Alligator,127,2019,7.73,Horror,Comedy|Drama,Action
Perfect Getaway A,150,2001,1.79,Horror|Thriller,Drama,Action|Crime
Butch Cassidy and the Sundance Kid,114,2017,4.64,Action|Western,Crime|Drama|Mystery|Thriller,Documentary
Festival Express,149,2007,5.76,Documentary|Musical,Documentary|War,Documentary|Drama
X-Men Origins: Wolverine,107,1991,6.95,Action|Sci-Fi|Thriller,Drama|Horror|Thriller,Drama
Harvey,115,1991,1.35,Comedy|Fantasy,Crime|Drama|Thriller,Documentary|Horror
The Killers,104,2010,8.61,Crime,Comedy|Drama|Romance,Action|Thriller
Second Time Around The,134,2000,7.89,Comedy|Western,Adventure|Comedy|Sci-Fi,Drama
Craig's Wife,109,1991,8.29,Drama,Drama,Comedy
Lady in the Water,120,1999,2.94,Drama|Fantasy|Mystery,Children|Drama,Comedy|Musical
3 Strikes,138,2015,4.43,Comedy,Action|Comedy|Crime,Animation|Comedy
Final Inquiry The (Inquiry The) (inchiesta L'),141,2002,9.49,Adventure|Drama|Mystery,Action|Comedy|Musical,Drama|Romance
Spring Break Shark Attack,109,1997,3.86,Adventure|Drama|Horror,Comedy,Action|Crime|Drama|Thriller
Nasty Girl The (schreckliche Mädchen Das),139,1998,4.89,Comedy|Drama,Horror|Sci-Fi,Comedy|Drama
Bread Love and Dreams (Pane amore e fantasia),133,2006,5.15,Comedy|Romance,Drama,Drama|Romance|Sci-Fi
Endangered Species,141,1993,2.25,Mystery|Sci-Fi|Thriller,Action,Drama
My Kid Could Paint That,112,2011,1.82,Documentary,Action|Thriller,Documentary
Devil Times Five (a.k.a. Peopletoys),122,2015,7.96,Horror,Comedy,Drama|Horror|Thriller
Safrana or Freedom of Speech (Safrana ou le droit à la parole),104,2010,7.84,Drama,Drama|War,Drama
Welcome Mr. Marshall (Bienvenido Mister Marshall),145,1996,7.64,Comedy,Drama|Mystery|Romance,Drama
Guest from the Future (Gostya iz buduschego),136,2004,4.29,Adventure|Drama|Sci-Fi,Action|Thriller,Drama|Mystery
Quatermass Xperiment The,124,2020,6.16,Horror|Mystery|Sci-Fi|Thriller,Action|Fantasy|Sci-Fi,Comedy|Drama
Last Summer of La Boyita The (El último verano de la Boyita),109,2001,8.5,Drama,Adventure|Children,Drama
Flesh and the Devil,145,1992,7.63,Drama|Romance,Action|Crime,Action|Crime
H-Man The (Bijo to Ekitainingen),116,2009,8.65,Horror|Mystery|Sci-Fi|Thriller,Sci-Fi,Drama
Troll 2,132,1992,9.64,Fantasy|Horror,Documentary,Documentary
Che: Part Two,106,2006,9.4,Drama|War,(no genres listed),Children|Comedy|Musical
Maradona by Kusturica,107,1990,8.09,Documentary,Drama,Comedy
Class Trip The (La classe de neige),138,1996,2.27,Drama|Mystery,Drama|Thriller,Comedy
Stray Dog (Nora inu),122,2020,1.85,Drama|Film-Noir|Thriller,Documentary,Action|Comedy
Kid Galahad,125,1996,6.98,Crime|Drama|Romance,Drama,Drama
Salla: Selling the Silence,128,2020,6.66,Documentary,Drama,Horror
Prisoner of Paradise,130,2018,6.62,Documentary,Documentary|War,Action|Adventure|Sci-Fi|Thriller
Stealing Home,136,2018,9.98,Drama,Comedy|Drama|Romance,Crime|Drama|Thriller
Kiss of the Dragon,114,2014,6.82,Action,Horror,Comedy
Ballermann 6,143,1998,1.03,Comedy,Horror|Thriller,Drama|Fantasy
Breakaway (Speedy Singhs),119,2011,4.85,Comedy|Drama,Comedy|Drama,Action|Drama
Man Who Would Be King The,147,2019,8.94,Adventure|Drama,Action|Crime|Mystery|Sci-Fi|Thriller,Documentary
Ghost World,129,2014,8.61,Comedy|Drama,Comedy,Action|Comedy|Crime
Cigarette Girl of Mosselprom The (Papirosnitsa ot Mosselproma),115,1998,6.56,Comedy|Romance,Comedy,Drama
X: The Unknown,112,1997,4.47,Horror|Sci-Fi,Mystery|Sci-Fi|Thriller,Thriller
Crac,133,2009,4.1,Animation,Action|Thriller,Action|Drama|Mystery|Sci-Fi
Birth,125,1993,8.62,Drama|Mystery,Action|Animation|Drama|Fantasy|Sci-Fi,Action|Thriller
Deserter (Dezertir),142,2013,5.46,Drama,Comedy|Romance,Comedy
Inglourious Basterds,132,2010,5.66,Action|Drama|War,Drama,Documentary
Stuart Little 2,122,2011,4.29,Children|Comedy,Documentary,Documentary
Son of the Pink Panther,127,2000,1.59,Comedy,Animation|Children,Comedy
Humanoids from the Deep,139,1993,5.97,Horror|Sci-Fi,Drama|Thriller,Drama|Thriller
Stig-Helmer Story The,126,2002,6.07,Comedy|Drama,Children|Comedy,Action|Comedy
Filth,108,2009,4.69,Comedy|Crime|Drama,Action|Crime|Mystery|Thriller,Horror|Thriller
Changing Lanes,118,2006,4.73,Drama|Thriller,Comedy|Romance,Crime|Drama|Thriller
Wheel The (La Roue),114,2008,3.82,Drama,Comedy|Drama,Comedy|Drama|Romance
SSSSSSS,104,2006,6.98,Horror|Sci-Fi,Action|Adventure|Comedy|Sci-Fi|IMAX,Comedy|Drama
Science of Sleep The (La science des rêves),131,1993,2.63,Comedy|Drama|Fantasy|Romance,Action|Drama,Comedy
Snake-Crane Secret (She hao dan xin zhen jiu zhou),113,2004,8.12,Action|Drama,Action|Western,Crime|Drama|Thriller
Sunshine State,133,2020,9.75,Drama,Comedy|Horror,Comedy
Bigfoot Lives,134,2017,4.3,Adventure|Documentary|Drama,Drama|Horror,Drama
Babylon,109,2013,4.03,Drama,Drama|Romance,Drama|Romance
Big Blue The (Grand bleu Le),142,1991,4.86,Adventure|Drama|Romance,Musical,Crime|Mystery
Beyond Therapy,118,2000,6.88,Comedy,Action|Drama|Romance,Drama
Time of the Gypsies (Dom za vesanje),139,2013,6.83,Comedy|Crime|Drama|Fantasy,Comedy|Mystery|Thriller,Crime|Drama
Elizabeth: The Golden Age,104,2020,8.38,Drama,Comedy,Comedy|Crime|Drama
Deep End,117,2004,8.23,Comedy|Drama|Romance,Action|Adventure|Crime|Drama,Action|Adventure|Romance
Here and There (Tamo i ovde),146,2010,3.42,Comedy|Drama,Romance|Sci-Fi,Comedy|Horror
Vivacious Lady,148,2013,4.05,Comedy|Romance,Crime|Documentary|Drama,Drama
Body Fat Index of Love,102,2012,3.61,Comedy,Comedy|Drama,Horror
Fox The,117,1990,2.09,Drama,Drama|Mystery,Comedy|Romance
Season's Greetings,132,2014,9.93,Comedy,Comedy|Drama|Fantasy,Comedy|Romance
Final Fantasy: The Spirits Within,132,2001,4.05,Adventure|Animation|Fantasy|Sci-Fi,Action|Crime|Drama,Comedy|Drama
Efectos secundarios,149,1991,6.92,Comedy,Sci-Fi,Drama
View to a Kill A,111,2002,3.32,Action|Adventure|Thriller,Documentary,Drama|Romance|War
Alpha Dog,127,2017,8.11,Crime|Drama,Crime|Drama|Film-Noir|Thriller,Documentary
Kissed,114,2015,4.82,Drama|Romance,Action|Comedy|Romance|War,Comedy|Drama|Romance
Cimarron,125,2019,4.32,Drama|Western,Documentary,Comedy|Crime|Horror|Mystery|Thriller
Running,120,2020,6.67,Drama,Drama,Drama
Class Act,125,2001,2.5,Comedy,Horror|Thriller,Action|Crime|Thriller
Great White Hope The,131,2007,2.64,Action|Drama,Drama,Drama
V/H/S: Viral,143,2006,1.87,Horror|Thriller,Drama|Romance|War,Action|Adventure|Sci-Fi
I Am Taraneh I Am Fifteen Years Old (Man taraneh panzdah sal daram),126,2019,3.04,Drama,Drama,Comedy|Drama|Romance
From the Clouds to the Resistance (Dalla nube alla resistenza),122,2009,4.63,Drama,Crime|Drama|Film-Noir|Romance|Thriller,Action|Horror|Sci-Fi
Our Little Girl,133,1997,6.3,Comedy|Drama|Romance,Documentary,Comedy|Romance
Prince of Foxes,149,2003,4.23,Adventure|Drama,Action|Adventure|Thriller|IMAX,Adventure|Animation|Fantasy|Sci-Fi
Central Park,106,2003,1.84,Documentary,Animation|Comedy|Musical,Drama
General The,118,2016,5.94,Comedy|War,Documentary,Action|Sci-Fi|Thriller
Guyver The,132,2004,1.51,Action|Comedy|Sci-Fi,Comedy|Drama|Romance,Documentary|Horror|War
Uprise,129,2010,7.51,Drama,Drama,Drama
Alone in the Wilderness,118,2017,8.85,Documentary,Comedy|Fantasy,Children|Comedy|Fantasy
Adios Sabata,117,2006,9.25,Action|War|Western,Action|Drama|War,Drama|Film-Noir|Thriller
Arcade,149,1996,4.34,Horror|Sci-Fi,Drama,Comedy|Crime
Love Happy,147,2005,3.37,Comedy,Fantasy|Horror|Thriller,Comedy|Fantasy|Romance
The DUFF,104,2007,7.2,Comedy,Action,Documentary
The Harry Hill Movie,115,1998,6.58,Comedy,Thriller,Drama
Attack of the 50 Foot Woman,140,1998,5.19,Comedy|Sci-Fi,Action|Drama,Comedy|Drama
Shorts,121,2000,1.47,Children,Drama,Action|Drama|Thriller
Gun Woman,122,2010,6.66,Action|Thriller,Comedy|Sci-Fi,Comedy|Romance
Class Act,122,2002,1.11,Comedy,Crime|Drama|Thriller,Adventure|Drama|War
Salinger,109,2016,8.91,Documentary,Comedy|Drama,Animation|Children|Comedy|Romance
Second Honeymoon,111,1990,1.15,Comedy|Romance,Comedy,Comedy
Mighty Joe Young,146,2005,9.21,Action|Adventure|Drama|Fantasy|Thriller,Drama,Drama|War
Lion of the Desert,141,2009,6.21,War,Comedy,Adventure|Mystery|Romance|Thriller
Circles (Krugovi),117,1998,8.62,Drama,Documentary,Children|Comedy
Sex Ed,125,2002,4.88,Comedy|Romance,Comedy,Comedy
Koumiko Mystery The (Mystère Koumiko Le),120,2005,7.55,Documentary,Drama,Action|Adventure|Crime|Thriller
Bedford Incident The,108,2000,4.43,Drama|Thriller|War,Romance,Crime
Red Cliff (Chi bi),127,1994,8.1,Action|Adventure|Drama|War,Children|Fantasy,Comedy
Sir Arne's Treasure,150,1994,3.96,Drama,Comedy,Action
Starman,121,1998,2.64,Adventure|Drama|Romance|Sci-Fi,Comedy|Drama,Documentary
Ex-Girlfriends,120,1991,1.69,Comedy|Drama,Drama|Romance,Drama|Mystery
Mothman Prophecies The,128,1997,2.58,Drama|Fantasy|Horror|Mystery|Thriller,Animation|Children,Documentary
Beginners,146,2016,5.15,Drama,Comedy,Drama
Bottle Rocket,149,2001,6.61,Adventure|Comedy|Crime|Romance,Drama,Action|Adventure|Drama
Rapid Fire,148,1997,8.39,Action|Crime|Thriller,Action|Adventure|Fantasy|Romance|IMAX,Animation|Children|Musical
Disco Godfather,110,2000,3.54,Action|Crime|Drama,Drama|Thriller,Documentary
The Real Glory,146,2020,9.59,War,Drama,Drama|War
Peter's Friends,142,2007,3.01,Comedy|Drama,Drama|Mystery|Thriller,Drama
Mother I Love You,132,2015,9.9,Drama,Drama,Comedy|Romance
Lonely Passion of Judith Hearne The,119,2008,2.4,Drama|Romance,Drama|Fantasy|Horror|Mystery|Sci-Fi|Thriller,Drama|Fantasy|Romance
Wildest Dream The,120,2009,3.49,Documentary,Children|Comedy,Comedy
Dolly Sisters The,106,2008,5.72,Drama|Musical|Romance,Action|Adventure|Animation|Comedy|Thriller,Adventure|Documentary|Drama
Taffin,130,2010,5.06,Action|Thriller,Action|Adventure|Animation|Children,Drama
Prince & Me The,128,1996,6.09,Comedy|Romance,War,Documentary|Drama
Gamera vs. Barugon,137,1992,2.99,Action|Fantasy|Sci-Fi,Horror|Sci-Fi,Action|Comedy|Drama
Babies (Bébé(s)),137,2008,9.45,Documentary,Horror|Mystery,Drama
Beer,135,1996,7.11,Comedy,Documentary,Documentary
Bordertown,125,1997,3.96,Crime|Drama,Drama,Comedy
M for Mother (Mim mesle madar),111,1992,2.87,Drama,Crime|Drama,Comedy
Last Stand The,112,1993,4.28,Action|Crime|Thriller,Action|Drama|War,Drama|Romance
My Perestroika,117,1992,4.79,Documentary,Children|Drama,Drama
Stealing a Nation,128,1995,5.98,Documentary,Drama,Action|Drama
I'm Crazy About Iris Blond,109,2008,6.29,Comedy|Romance,Drama|Thriller,Drama
The Forgotten Woman,147,2010,4.08,Documentary,Documentary,Documentary
How to Steal a Million,109,1999,3.73,Comedy|Crime|Romance,Documentary,Action|Drama
Wet Parade The,113,2002,5.71,Drama|Romance,Comedy,Drama|Horror|Thriller
Dear Pillow,138,2001,10.0,Drama,Comedy|Western,Documentary
Babylon 5: In the Beginning,106,2006,9.93,Adventure|Sci-Fi,Drama|Thriller,Comedy|Crime|Drama|Musical
Pollyanna,138,1998,3.65,Children|Comedy|Drama,Crime|Drama,Drama
Maltese Falcon The (a.k.a. Dangerous Female),144,2006,7.18,Mystery,Crime|Drama|Thriller,Drama
Pear Tree The (Derakhte Golabi),103,2005,9.79,Drama|Romance,Documentary,Action|Sci-Fi|Thriller
Walk on the Moon A,133,2011,8.06,Drama|Romance,Drama|Romance,Horror|Thriller
Stormy Monday,132,1991,3.13,Crime|Drama,Horror,Animation|Comedy|Sci-Fi
It Came from Hollywood,136,2014,5.03,Comedy|Documentary,Adventure|Drama|Thriller,Comedy
Get Smart,119,2015,1.71,Action|Comedy,Horror,Drama|Thriller|War
The Facility,127,1990,8.63,Horror|Sci-Fi,Action|Comedy,Comedy|Drama|Romance
Sound and the Fury The,115,1992,6.47,Drama|Romance,Drama,Drama
War Made Easy: How Presidents & Pundits Keep Spinning Us to Death,129,2020,7.61,Documentary|War,Drama,Crime|Thriller
I Wake Up Screaming,147,1995,4.56,Crime|Film-Noir|Mystery|Romance|Thriller,(no genres listed),Drama|Fantasy|Romance
Firestorm,149,1992,8.21,Action|Adventure|Thriller,Crime|Drama|Thriller,Comedy
Adventure in Baltimore,130,2012,4.57,Comedy|Drama,Drama|Musical,Documentary
Ninette,112,2013,8.73,Comedy,Drama|War,Action
Niagara,138,2018,8.37,Drama|Thriller,Crime|Drama|Romance,Crime|Drama
Here Comes the Groom,141,2015,5.7,Comedy|Musical|Romance,Adventure|Comedy|War,Comedy|Romance
Giallo,148,2005,5.96,Crime|Horror|Thriller,Comedy,Comedy
Shampoo,104,2009,1.06,Comedy|Drama|Romance,Documentary,Crime|Drama|Fantasy|Mystery|Thriller
The Pirates of Blood River,102,1999,2.0,Action|Adventure|Comedy,Comedy,Drama
Beyond the Walls (Hors les murs),111,2018,2.45,Drama,Comedy,Comedy|Musical|Romance
Unbelievers The,137,2019,8.83,Documentary,Drama,Comedy|Drama
Wag the Dog,111,2010,2.69,Comedy,Drama|Thriller,Comedy|Romance
Zombie and the Ghost Train (Zombie ja Kummitusjuna),132,2012,5.67,Comedy|Drama,Drama|Thriller,Horror
Where the Heart Is,148,1990,7.59,Comedy|Drama,Drama|Romance,Documentary
Someone Like Him (Einer wie Bruno),106,2004,8.45,Comedy|Drama,Drama,(no genres listed)
From the Earth to the Moon,145,2010,6.71,Action|Documentary|Drama|Thriller,Horror|Sci-Fi,Documentary
Together (Han ni Zai Yiki),122,2015,3.06,Drama,Comedy|Romance,Comedy
Wrong Guy The,135,2012,4.89,Comedy|Romance|Thriller,Comedy|Drama,Action|Thriller
Killer's Kiss,119,2002,3.4,Crime|Film-Noir,Adventure|Children|Drama,Drama
Solomon Kane,128,2020,5.81,Action|Adventure|Fantasy|Horror,Comedy|Drama,Comedy|Drama
Lightning in a Bottle,106,2017,5.27,Documentary,Comedy|Horror|Thriller,Action|Adventure|Thriller
Wake in Fright,107,2003,7.69,Drama|Thriller,Drama|Fantasy|Horror,Drama
Big Game,147,1997,1.14,Action|Drama|Thriller,Comedy,Comedy|Mystery
Woodmans The,139,1993,4.25,Documentary,Comedy|Crime|Drama|Horror|Mystery,Drama|Romance
Triple Cross,117,2018,8.26,Action|Adventure|Drama|Thriller|War,Documentary,Action|Crime|Drama|Thriller
Story of Floating Weeds A (Ukikusa monogatari),124,1999,7.47,Drama,Action|Drama|Mystery,Documentary
Aftermath: Population Zero,105,1999,5.27,Documentary|Sci-Fi,Comedy|Drama,Drama
Equus,122,1992,9.61,Drama|Mystery,Comedy,Documentary|Drama|Thriller
Halloween II,150,1994,3.48,Horror|Thriller,Children|Comedy|Drama,Action|Adventure|Drama
Post Mortem,141,2016,1.3,Drama,Horror,Documentary
Easy,109,1995,3.04,Comedy|Drama|Romance,Drama|Romance,Adventure|Animation|Children|Comedy|Fantasy
Puss in Boots (Nagagutsu o haita neko),116,1997,5.61,Adventure|Animation|Children|Comedy|Fantasy|Romance,Comedy|Horror,Drama
Nobody Knows Anything!,123,2014,7.55,Comedy,Drama,Comedy|Horror|Romance
Seinto Seiya: Legend of Sanctuary (Seinto Seiya: Legend of Sanctuary),117,2010,7.07,Animation,Action|Adventure,Documentary
Cell The,127,2003,9.29,Drama|Horror|Thriller,Comedy,Drama|Musical
Peter and Vandy,120,1994,5.87,Comedy|Drama|Romance,Documentary,Documentary
Busher The,126,2004,6.0,Comedy|Drama,Documentary,Comedy
Capricorn One,114,2020,6.55,Drama|Sci-Fi|Thriller,Comedy|Drama|Romance,Action|Drama|Romance
102 Minutes That Changed America,142,2013,9.51,Documentary,Comedy|Drama,Documentary
Music Man The,144,2000,9.66,Children|Comedy|Musical|Romance,Drama|Romance,Comedy
Everybody's Fine,105,1998,6.87,Drama,Thriller,Crime|Drama|Thriller
Riff-Raff,136,2014,9.49,Comedy|Drama,Drama,Crime|Drama
Love and Basketball,113,2004,1.2,Drama|Romance,Action,Documentary
Boxcar Bertha,138,1992,4.68,Drama,Comedy|Horror,Drama|Romance
Broken English,147,2017,5.91,Comedy|Drama|Romance,Action|Animation|Children|Sci-Fi,Adventure|Animation|Comedy
Portrait of Jennie,134,2008,7.08,Drama|Fantasy|Mystery|Romance,Documentary,Action|Sci-Fi
Harvest,120,1994,8.32,Drama,Crime|Drama|Horror,Drama|Romance
Who Framed Roger Rabbit?,118,2008,4.23,Adventure|Animation|Children|Comedy|Crime|Fantasy|Mystery,Drama,Comedy|Romance
Creature from the Haunted Sea,125,2000,2.27,Comedy|Horror,Comedy,Action|Drama
Family Jewels The (Eierdiebe),145,1992,9.4,Comedy|Drama|Romance,Crime|Drama,Western
